作成テーマ,カテゴリ,問題,選択肢A,選択肢B,選択肢C,選択肢D,正解,解説,対象級,義雄さんメモ
秋,知識,気象庁が季節としての「秋」としているのは、一般にどの3か月でしょうか？,8～10月,9～11月,10～12月,7～9月,B,気象庁では、春（3～5月）、夏（6～8月）、秋（9～11月）、冬（12～2月）と3か月ごとに区切って季節を扱います。,,
秋,知識,秋によく聞く「秋雨前線」とは、どんな前線でしょうか？,真冬の大雪を降らせる前線,春先に黄砂をもたらす前線,初秋に長雨をもたらす前線,台風の目の中にできる前線,C,秋雨前線は主に9月ごろ、本州付近に停滞して曇りや雨の日が続く原因になります。,,
秋,知識,「秋晴れ」のときの代表的な気圧配置はどれでしょう？,冬型の気圧配置（西高東低）,台風が日本海にある配置,梅雨前線が停滞する配置,移動性高気圧にすっぽり覆われる配置,D,移動性高気圧に覆われると、からっとした晴天になり「秋晴れ」と呼ばれます。,,
秋,知識,秋になると「朝晩と日中の気温差が大きくなる」主な理由はどれでしょう？,太陽の光が強くなるから,夜の時間が長くなり冷えやすくなるから,海水温が急に下がるから,地球が太陽に近づくから,B,秋は日が短くなり夜が長くなるため、地面がよく冷え、朝はひんやり、日中はまだ暖かいという差が大きくなります。,,
秋,知識,「放射冷却現象」が起こりやすい秋の夜の天気の条件として、最も適切なのは？,厚い雲に覆われた雨の夜,風が強く曇りの夜,風が弱く晴れて雲が少ない夜,台風接近中の夜,C,晴れて風が弱く、雲が少ない夜は地面の熱が宇宙に逃げやすくなり、放射冷却でぐっと冷え込みます。,,
秋,知識,秋の空で「うろこ雲」と呼ばれることが多い雲の正式名称は？,積乱雲,巻積雲,層雲,高積雲,B,細かい斑点状の雲が広がる「うろこ雲」は、正式には巻積雲といいます。,,
秋,知識,「いわし雲」「さば雲」など、細かい雲が広がる秋の空が見られるとき、よくある天気の流れは？,しばらく安定した晴天が続くサイン,台風が必ず発生するサイン,前線や低気圧が近づいて天気が崩れる前触れ,冬型の気圧配置になるサイン,C,うろこ雲・いわし雲などは、上空で湿った空気が増え、前線や低気圧が近づいているサインになることがあります。,,
秋,防災,日本の台風の発生数は夏～秋に多くなりますが、「日本に接近・上陸が最も多い時期」として近いのは？,1～2月,3～4月,8～9月ごろ,11～12月,C,台風は夏から秋にかけて発生・接近が多く、特に8～9月ごろがピークです。,,
秋,知識,秋に台風が日本付近を通過したあと、急に空気がひんやりすることがあります。この理由として正しいのは？,台風が冷たい空気を運んでくるから,台風通過後に一気に冬型の気圧配置になることがあるから,太陽が隠れるから,海水が一気に凍るから,B,台風が去ると一時的に冬型の気圧配置となり、北から冷たい空気が流れ込み、季節が一段進んだように感じることがあります。,,
秋,文化,「木枯らし1号」は、どの季節の変わり目を告げる風として気象庁が発表しているでしょう？,春から夏への変わり目,夏から秋への変わり目,秋から冬への変わり目,冬から春への変わり目,C,木枯らし1号は、冬型の気圧配置になって吹く冷たい強風で、秋から冬への季節の進みを象徴する風です（地域ごとに条件あり）。,,
秋,生活,「行楽日和」として紹介されやすいのは、どんな秋の天気でしょうか？,気温35℃以上で猛暑日,からっと晴れて、暑すぎず寒すぎない日,強風とにわか雨が続く日,一日中どんより小雨の日,B,秋の行楽日和は、移動性高気圧に覆われ、湿度が低く、気温もほどよく過ごしやすい日です。,,
秋,文化,紅葉がきれいに色づく条件として「特に大事」とされるのはどれでしょう？,一日中30℃以上の暑さ,昼夜の気温差が大きく、朝晩冷え込むこと,常に強風が吹いていること,雨がまったく降らないこと,B,昼はそれなりに暖かく、夜に冷え込むような大きな気温差があると、紅葉が鮮やかになりやすいです。,,
秋,知識,秋の朝に見られる「霧」が発生しやすいのは、どんな場所でしょうか？,風通しの良い山頂,都市の高層ビルの上,河川沿いや盆地など冷え込みやすい低地,砂漠のような乾いた場所,C,川沿いや盆地は冷たい空気がたまりやすく、放射冷却で冷えて霧が発生しやすくなります。,,
秋,知識,秋に「内陸ほど朝の冷え込みが強く、沿岸部はそれほど冷えない」主な理由は？,海水が暖まりにくく、気温変化を小さくするから,海が冷たい空気を作るから,海からの風が吹かないから,内陸に太陽が当たらないから,A,海は温まりにくく冷めにくいので、沿岸部は気温変化が緩やかになり、内陸ほど極端に冷え込みにくくなります。,,
秋,生活,天気予報で秋によく聞く「寒暖差にご注意ください」という呼びかけのとき、特に気をつけたいのは？,熱中症だけ,暴風だけ,服装調整や体調管理,地震への備え,C,朝晩と日中の気温差が大きいと体調を崩しやすいので、重ね着などで調整することが大切です。,,
秋,知識,秋の「日本海側」と「太平洋側」の天気の特徴として、より近い組み合わせは？,日本海側が晴れが多く、太平洋側が雪が多い,日本海側が長雨、太平洋側が常に快晴,秋は全体的に太平洋側で晴天が多く、日本海側は冬ほど雪はない,どちらも1か月ずっと台風,C,秋は太平洋側で晴れる日が多くなり、日本海側も冬ほど雪はなく、全体的に過ごしやすい時期です。,,
秋,生活,気象庁の「週間天気予報」で、秋の3連休の天気をチェックするとき、特に気にしておくと良いポイントは？,最高気温だけ,台風や前線の接近と、雨マークの位置,日の出時刻だけ,地震情報,B,秋は天気が変わりやすく、台風や秋雨前線の影響で雨が入り込みやすいので、雨マークや低気圧・前線の動きに注意します。,,
秋,防災,気象庁が発表する「注意報・警報」のうち、秋の大雨で特に確認しておきたい種別は？,濃霧注意報や雷注意報,大雨注意報・大雨警報,波浪注意報だけ,乾燥注意報だけ,B,秋雨前線や台風による大雨では、大雨注意報・警報が重要な防災情報になります。,,
秋,防災,秋の台風シーズンに、気象庁が発表する「進路予想円」で表しているものは？,台風の大きさそのもの,台風の雨雲の範囲,将来の台風中心の「位置の予報の誤差の範囲」,台風の風速の強さ,C,予報円は、予報時刻に台風の中心が入る可能性が高い範囲（位置の不確かさ）を示しています。,,
秋,防災,秋に多い「ゲリラ豪雨」と、真夏のそれとの大きな違いとして比較的近いのは？,秋は全く発生しない,秋は前線や台風の影響による広範囲の大雨が多くなる,秋は雪になる,秋は必ず夜だけに起きる,B,真夏は局地的な雷雨が多い一方、秋は前線や台風による広い範囲の大雨が増える傾向があります。,,
秋,防災,秋の台風情報でよく見る「暴風域」とは、どのような風の強さの範囲でしょうか？（概念的に）,風速5m/s以上,風速10m/s以上,風速15m/s以上,風速25m/s以上の強い風が吹くおそれのある範囲,D,暴風域は、風速25m/s以上の非常に強い風が吹くおそれがある範囲を示します（あくまで概念として押さえましょう）。,,
秋,防災,秋になると「乾燥注意報」が出やすくなる地域もありますが、このとき特に注意すべき災害は？,土砂災害,洪水,火事（火災）,津波,C,空気が乾燥すると火が燃え広がりやすく、火の取り扱いに注意が必要です。,,
秋,知識,「秋雨前線」のときの雨の降り方で、比較的多いパターンは？,短時間に猛烈な雨が一気に降るだけ,強弱を繰り返しながら、ぐずついた雨が長く続く,毎日夕立のように15分だけ降る,雪が混じる,B,秋雨前線が停滞すると、しとしと・時々強くなど、長くぐずつく雨になりやすいです。,,
秋,知識,秋によく「上空に寒気が入る」と言われますが、それによって起こりやすくなるのは？,竜巻や雷雨などの大気の不安定,黄砂,台風の発生,津波,A,上空に寒気が入ると、地表付近との温度差が大きくなり、大気が不安定になって、雷やにわか雨が起きやすくなります。,,
秋,知識,「秋の長雨」と「梅雨」の違いとして、比較的近い説明は？,秋の長雨は日本海側だけで降る,梅雨は夏前の雨季、秋の長雨は夏の終わりから秋にかけての長雨,秋の長雨は必ず雪になる,梅雨は1日だけ降る,B,どちらも前線による長雨ですが、時期が異なり、秋の長雨は台風も絡みやすいのが特徴です。,,
秋,知識,気象庁の「高温」「低温」に関する情報が秋にも出されるのはなぜでしょう？,秋には情報を出してはいけない決まりがあるから,秋は気温の平年値が低くなる中で、暑さ・寒さの影響が生活に出るから,秋は気温が完全に一定だから,台風がなくなるから,B,秋は季節の進みが早く、平年よりかなり高い・低いときには農作物や健康への影響を伝えるために情報が出されます。,,
秋,生活,天気予報で「きょうは北風が入って、秋らしい空気に変わります」と言うとき、どのような体感になることが多いでしょう？,じめじめ暑く感じる,からっとした涼しさを感じる,真夏のように蒸し暑くなる,雪が積もる,B,北よりの風は日本では涼しい空気を運び、からっとした秋らしいさわやかさをもたらします。,,
秋,知識,秋の日本付近でよく見られる「西高東低」とは、どんな気圧配置でしょう？,西が低気圧、東が高気圧,西が高気圧、東が低気圧,全体が高気圧,全体が低気圧,B,西に高気圧、東に低気圧がある状態で、冬の典型的な気圧配置ですが、秋の終わりにも現れ始めます。,,
秋,知識,秋になると「日の入り時刻」がどう変化していくでしょうか？,どんどん遅くなる,一年中変わらない,どんどん早くなる,秋だけ逆に昼が長くなる,C,秋が深まるにつれて日が暮れる時刻が早くなり、夕方が急に暗く感じるようになります。,,
秋,生活,秋の朝に車のフロントガラスが曇ったり、露で濡れる現象の主な原因は？,放射冷却でガラスが冷え、水蒸気が水滴になる,ガラスの中から水が湧く,雨が降ったから,台風の風のせい,A,冷えたガラスや物体の表面に、空気中の水蒸気が凝結して水滴となる現象です。,,
秋,防災,秋に山へ登るときに、特に注意したい天気要素はどれでしょう？,海水温,紫外線だけ,気温差と風、急な天気の変化,都市の気温,C,秋は山頂とふもとの気温差が大きくなり、風も強まりやすく、急な天候悪化もあるため要注意です。,,
秋,知識,気象庁の「天気概況」で秋によく見られる表現として、最もイメージに近いのは？,「寒気の影響で冬型の気圧配置が強まり、大雪」,「移動性高気圧に覆われて晴れるが、気圧の谷の影響でにわか雨の所も」,「太平洋高気圧の勢力が非常に強く、猛暑日が続く」,「梅雨前線が停滞して大雨」,B,秋は移動性高気圧と低気圧・気圧の谷が交互にやってきて、晴れと雨を繰り返しやすい季節です。,,
秋,防災,秋の台風情報で「勢力が弱まって温帯低気圧に変わりました」と発表された場合、注意すべき点として正しいのは？,もうまったく安心で、風雨は一切ない,台風ではないが、雨や風が続くこともある,雪が降るようになる,すぐに消滅する,B,温帯低気圧に変わっても、強い風や大雨が残ることがあり、油断は禁物です。,,
秋,知識,秋の夜に「星がよく見える日」で、翌朝の気温はどうなりやすいでしょう？,あまり冷え込まない,かえって暑くなる,放射冷却で冷え込みやすい,雷が鳴る,C,雲が少なく星がよく見える夜は、地表の熱が宇宙に逃げ、冷え込みやすくなります。,,
秋,知識,秋の天気予報で「上空○○m付近に－○℃の寒気」という表現があります。この情報が役立つのは何を知るためでしょうか？,地震の発生確率,花粉の飛散量,大気の安定・不安定さの目安,海の透明度,C,上空の気温が低いと、地表との温度差が大きくなり大気が不安定になり、雷雨などの目安になります。,,
秋,生活,秋になると「洗濯日和」が増える理由として、正しいのは？,湿度が低く、からっと晴れる日が増えるから,一日中雨が続くから,風が全く吹かないから,太陽が出ないから,A,秋は移動性高気圧に覆われた日が多く、湿度も低いため洗濯物がよく乾きます。,,
秋,文化,秋の気圧配置の特徴として、「一雨ごとに…」と言われるのはどんな変化でしょう？,一雨ごとに夏に戻る,一雨ごとに涼しく（寒く）なる,一雨ごとに台風が増える,一雨ごとに日が長くなる,B,秋は一つの低気圧や前線が通過するたびに季節が進み、涼しくなっていくと言われます。,,
秋,文化,「秋の空は高い」と言われる主な理由として近いのは？,雲が全くできないから,夏より上空の湿気が少なく、雲が薄く見えるから,地球が小さくなるから,太陽が低くなるから,B,湿度が下がり、巻雲や巻積雲などの高い雲が目立つことで、空が高く感じられます。,,
秋,生活,秋に農作物の収穫が多い「実りの秋」となりますが、天候不順だと特に影響を受けやすいのは？,ネットの通信速度,農作物の生育・品質,電車の速度,太陽の色,B,長雨や台風の多い年は、稲や果物などの生育や収穫に大きな影響が出ることがあります。,,
秋,生活,気象庁の「旬予報」（10日間単位）や「1か月予報」が秋にも役立つ場面として適切なのは？,今日の服装だけを決めるとき,来年の天気を知りたいとき,秋の旅行やイベントの日程決め・服装傾向を考えるとき,地震の発生日を当てたいとき,C,1か月予報などは、具体的な日ではなく「暑い傾向」「雨が多い傾向」などを知るのに役立ちます。,,
秋,防災,秋に「山の天気」は平地よりも変わりやすいと言われます。その主な理由の一つは？,山では前線ができないから,山の上空は風や気温の変化が大きいから,山は海に近いから,山には雲ができないから,B,山は高度が高く、気温や風向・風速が変わりやすく、雲も発生しやすいため天気の変化が大きくなります。,,
秋,防災,秋の台風接近時、「高潮」による被害が心配されるのはどんなときでしょう？,気圧が高いとき,満潮の時刻と台風接近が重なるとき,乾燥しているとき,雪が降るとき,B,台風による海面の上昇と満潮が重なると、潮位がさらに高くなり、沿岸で浸水被害が出やすくなります。,,
秋,防災,秋の終わりに「初霜」「初氷」が観測されることがありますが、特に影響しやすい分野は？,水道や農作物,インターネット回線,携帯電話の電波,地震計,A,冷え込みで水道管の凍結や農作物の霜害が起きることがあり、注意が必要です。,,
秋,生活,秋になると「防寒グッズの準備を」と天気予報で呼びかけられることがあります。これはどんな情報を踏まえたコメントでしょう？,来年の天気,長期予報や一時的な寒気の南下,地震の予測,海水浴情報,B,1か月予報や寒気の予想などから、急に季節が進むタイミングを伝えています。,,
秋,知識,秋は「台風の進路予報」において、どの点が特に難しいとされることがありますか？,全く変化しないから簡単,偏西風に乗って進路が大きく曲がるため,北極の氷の量,地震の発生状況,B,秋は台風が偏西風に乗って進路を急に変えたり、加速したりするため、進路の予測が難しくなることがあります。,,
秋,生活,秋の夜長に星を観察するとき、天気予報で特にチェックしておきたい要素は？,風速と気圧だけ,雲量・雲の高さ,海水温,地震情報,B,雲が少ないほど星がよく見えるので、雲量や上空の雲の有無を確認すると良いです。,,
秋,生活,秋の天気予報で「湿度40％前後でカラッとした陽気」と言われたときの体感に近いのは？,ベタベタとした蒸し暑さ,じっとしていても汗が止まらない,さわやかで汗が引きやすい,吐く息が白くなるほどの寒さ,C,湿度が低いと汗が蒸発しやすく、さわやかに感じます。,,
秋,防災,秋に「雷注意報」が出ることがありますが、大気の状態がどのようなときに雷が起きやすいでしょう？,大気の状態が安定しているとき,大気の状態が不安定なとき,全く雲がないとき,海が凍っているとき,B,上空に寒気が入るなどして、大気が不安定になると雷雲が発達しやすくなります。,,
秋,知識,秋に「熱帯夜」が少なくなる理由として正しいのは？,太陽の高さが低くなり、昼間の気温があまり上がらなくなるから,太陽が近づくから,海水温が一気に上がるから,雨が降らなくなるから,A,日照時間が短くなり、太陽高度も低くなるため、夏ほど夜間の気温が下がりにくい状況が減ってきます。,,
秋,知識,秋に発表される「初冠雪」は、どのような現象を指す観測でしょうか？,初めて雹が降った日,山頂が初めて雪で白く見えた日,平地で初めて霜が降りた日,雨が初めて降った日,B,特定の山（例：富士山など）で山頂が初めて雪で白くなって見えた日を「初冠雪」として発表します。,,
秋,生活,気象庁の「週間天気予報」で、秋の行楽の予定を立てるときに、まずチェックしたい項目の組み合わせとして適切なのは？,最高気温・最低気温・降水確率,地震回数・津波高,海水浴情報・花粉情報,火山噴火警戒レベルだけ,A,秋は気温差と雨がポイントなので、最高・最低気温と降水確率をセットで見ると予定が立てやすくなります。,,
秋,知識,気象庁の天気予報で表示される「降水確率20％」はどんな意味でしょう？,20分だけ雨が降る,20mmの雨が降る,予報対象時間帯のどこかで、雨が降る可能性が20％,20人に1人だけ雨に当たる,C,降水確率は「その時間帯のどこかで1mm以上の雨が降る可能性」を％で示しています。,,
秋,知識,気象庁の天気予報地図で、秋に多い「晴れ一時雨」マークは、どのような天気傾向を表しているでしょう？,雨だけ,一日中快晴,晴れが主体だが、にわか雨の時間帯がある,雷だけ鳴る,C,基本は晴れですが、短時間の雨がありそうな場合に使われます。,,
秋,知識,気象庁の予想気温にある「平年差」の＋2℃などは、何と比べている数値でしょう？,世界の平均気温,昨日の気温,その地点の過去30年平均の気温,海水温,C,「平年」とは過去30年平均のことで、それより何度高い・低いかを示します。,,
秋,生活,気象庁の「1か月予報」で『気温は平年並みか高い』と出たとき、秋の服装計画でのイメージとして近いのは？,真冬並みに寒くなる,平年通り〜少し暖かめの日が多い,冷夏になる,1か月ずっと猛暑日,B,平年と同じくらいか、やや高めの日が多い傾向を示しています。,,
秋,生活,気象庁ホームページの「雨雲の動き（高解像度降水ナウキャスト）」は、秋のどんなシーンに役立つでしょう？,紅葉狩り中の短時間の雨のタイミング確認,来年の紅葉時期の予想,春の花粉量の予想,地震発生確率の予想,A,1〜数時間先までの雨雲の動きを確認できるので、外出中の雨のかかわしに便利です。,,
秋,防災,「雨雲の動き」図で、色が濃い（赤やピンクに近い）部分は、何を意味しているでしょう？,雲がない,弱い雨,強い雨・非常に激しい雨,雪だけ,C,色が濃くなるほど、降っている雨の強さが強いことを表しています。,,
秋,知識,気象庁の「アメダス（地域気象観測システム）」で確認できる代表的なデータとして正しいのは？,地震のマグニチュード,気温・降水量・風向・風速など,携帯電話の圏外率,電車の運行状況,B,アメダスでは全国各地の実際の観測値をリアルタイムで見ることができます。,,
秋,生活,秋の朝、アメダスの気温データを見るとき、冷え込みの程度を知るポイントとして適切なのは？,昼の気温だけ見る,前日同時刻との気温差,海水温との差,風速だけを見る,B,「きのうの同じ時間と比べて何度違うか」を見ると、体感の変化をイメージしやすくなります。,,
秋,知識,気象庁の「秋の気温偏差図」を見るとき、日本地図で赤色が多い場合は何を意味しますか？,平年より気温が高い場所が多い,平年より気温が低い場所が多い,雨が多い,風が強い,A,赤は平年より高い、青は平年より低い傾向を示すことが多いです。,,
秋,防災,気象庁が出す「注意報」と「警報」の違いとして、より近い説明は？,注意報は良い天気、警報は悪い天気,注意報は災害が起こりうる、警報は重大な災害の危険が高まった状態,注意報は気温だけ、警報は風だけ,注意報の方が危険度が高い,B,警報の方が危険度が高く、より厳重な警戒を呼びかける情報です。,,
秋,防災,秋の大雨のときに特に確認したい気象庁の情報として、より適切なのは？,花粉情報,大雨警報・土砂災害警戒情報,黄砂情報,紫外線情報,B,秋雨前線や台風による大雨では、土砂災害警戒情報など防災情報の確認が重要です。,,
秋,防災,気象庁の台風情報の「実況」欄で確認できる主な項目として正しいのは？,台風の中心位置・中心気圧・最大風速など,世界の平均気温,地震の震度分布,花粉の量,A,現在の台風の強さや位置、動きがわかります。,,
秋,防災,台風シーズンの秋、気象庁の「台風進路図」を見るとき、特に注意したい点は？,予報円の大きさと進む向き,台風の名前のかっこよさ,予報士の人数,海の透明度,A,予報円がかかる範囲に自分の地域が入るか、いつ頃近づきそうかを確認します。,,
秋,知識,気象庁の天気予報で「予報の信頼度 A・B・C」と表示されることがあります。秋の旅行計画で意味を知っておくと便利ですが、「C」はどんな意味に近いでしょう？,ほぼ確実,やや確からしい,予報がまだかなり変わる可能性がある,外れることはない,C,Cは「低い」信頼度で、予報が大きく変わる可能性があることを示します。,,
秋,防災,気象庁の「雷ナウキャスト」は秋にも利用できますが、何時間先までの雷の可能性を見られる情報でしょう？（概念レベルで）,数分先,数時間先（おおむね1〜2時間先）,1週間先,1年先,B,短時間先の雷発生の可能性を地図上で確認できます。,,
秋,防災,気象庁ホームページの「防災情報」欄で、秋に山や川へ出かける前にチェックしておきたい情報として最も適切なのは？,大雨警報・洪水警報・土砂災害警戒情報,花粉情報,紫外線指数だけ,桜の開花状況,A,川の増水や斜面の崩壊などの危険度を知るために重要です。,,
秋,知識,気象庁の天気予報でよく出てくる「気圧の谷」とは何を指す言葉でしょう？,山の谷間,気圧が周りより低くなっている帯状の部分,台風の目,海のくぼみ,B,低気圧ほどははっきりしていないものの、気圧が低い帯で、雲や雨のもとになります。,,
秋,知識,気象庁の「天気図」で、青い三角が並んだ記号は何を表しているでしょう？,温暖前線,寒冷前線,停滞前線,台風の進行方向,B,青い三角は寒冷前線を表し、前線通過時には天気が変わりやすくなります。,,
秋,知識,同じく天気図で、赤い半円が並んだ記号は？,温暖前線,寒冷前線,低気圧の中心,高気圧の中心,A,赤い半円は温暖前線で、曇りや雨が長く続くことがあります。,,
秋,知識,天気図に「高」と表示されるのは高気圧、「低」と表示されるのは低気圧です。秋晴れの日に日本付近で多いのは？,「低」がど真ん中にある,「高」が日本列島を覆っている,何もない,「台」が常にある,B,移動性高気圧にすっぽり覆われると、秋晴れになりやすいです。,,
秋,知識,気象庁ホームページで「実況天気図（地上）」と「予想天気図」を見るときの違いとして正しいのは？,実況は今の状態、予想は将来の状態,実況は来年の状態,予想は過去の状態,両方まったく同じ,A,実況は現在の気圧配置、予想は数時間〜数十時間先の気圧配置を示します。,,
秋,知識,気象庁の天気予報で「晴れ時々曇り」と「曇り時々晴れ」の違いは何でしょう？,どちらも全く同じ,前に書いてある天気の方が出現時間が長い,後ろに書いてある天気の方が長い,占いで決めている,B,「晴れ時々曇り」は晴れが主体、「曇り時々晴れ」は曇りが主体のイメージです。,,
秋,生活,気象庁の「紫外線情報」は春夏に注目されがちですが、秋に見ておくとよい理由として正しいのは？,秋は紫外線がゼロになるから,秋も晴れた日はそれなりに紫外線が強く、油断しやすいから,紫外線情報で雨がわかるから,紫外線情報で台風の数がわかるから,B,真夏ほどではありませんが、秋も日焼けや肌トラブルに注意が必要な日があります。,,
秋,知識,気象庁の「天気予報の発表時間」を知っておくと便利な理由として適切なのは？,予報がいつ更新された情報なのか把握できる,地震速報と混同できる,予報士の人数がわかる,雨量が倍になる,A,発表時間を見ることで、「どれくらい新しい情報か」を判断できます。,,
秋,生活,気象庁のサイトで「過去の気象データ」を見ると、秋の気温や雨の傾向がわかります。これが役立つのはどんなとき？,来週の天気をピンポイントで当てたいとき,秋のイベントの時期設定、衣替えの目安などを考えるとき,地震予測をするため,インターネット回線速度を測るため,B,過去の平均値や記録から、季節の進み方の目安を把握できます。,,
秋,生活,気象庁の「レーダー・ナウキャスト」で、雨雲が自分の地域に近づいているかを見るとき、特に注目する動きは？,雨雲がどの方向からどのくらいの速さで動いているか,雨雲の形の美しさ,雨雲の数,雨雲の名前,A,雨雲の動きから、「あと何分くらいで降り出しそうか」をイメージできます。,,
秋,知識,気象の基礎として、「気温」が高いほど空気中に含むことができる水蒸気量はどうなるでしょう？,少なくなる,多くなる,変わらない,なくなる,B,暖かい空気ほど多くの水蒸気を含むことができ、これが雨雲の発達にも関係します。,,
秋,知識,「相対湿度」とはどのような値でしょう？,空気中の水蒸気量そのもの,その気温で空気が含める最大水蒸気量に対して、どれくらい含んでいるかの割合,海の水位,雨量の合計,B,パーセントで表され、同じ水蒸気量でも気温によって湿度の値が変わることがあります。,,
秋,知識,秋の天気で「露」ができやすいのは、どのようなときでしょう？,気温が高く、湿度が非常に低い夜,放射冷却で地面が冷え、空気中の水蒸気が飽和して水滴になるとき,強風で蒸発するとき,台風通過中,B,露点温度まで冷えると、水蒸気が水滴になって草や車の上などに付きます。,,
秋,知識,「露点温度」とは何を意味する温度でしょう？,雨が降り始める温度,空気中の水蒸気が飽和し、凝結し始める温度,風が止まる温度,雪になる温度,B,気温が露点温度まで下がると、霧や露、雲ができやすくなります。,,
秋,知識,秋の「霧」と「もや」の違いとして、気象観測上の区別に近いのは？,視程（見通せる距離）が1km未満なら「霧」、1km以上なら「もや」,色が違う,水ではなく油の粒かどうか,四季によって呼び方が変わる,A,観測上は視程で区別されます。,,
秋,防災,天気予報で「大気の状態が不安定」と言うとき、主にどのような現象が起こりやすくなりますか？,長く穏やかな晴れ,雷雨・にわか雨・突風など,雪だけ,霧だけ,B,上昇気流が強くなり、積乱雲が発達しやすくなります。,,
秋,知識,「気圧」が下がるときによくある天気の変化として近いのは？,晴れてからっとする,雨や風が強まりやすい,雪が必ず降る,台風が消える,B,一般に低気圧に向かうときは雲が増え、雨や風が強まりやすくなります。,,
秋,知識,気象庁の「気象衛星画像」で、秋の雲の分布を見ることができます。白くぼんやりした帯状の雲が本州付近にのびているとき、何を疑うでしょう？,梅雨前線,秋雨前線や気圧の谷,火山灰,地震雲,B,前線や気圧の谷に沿って雲が帯状に広がることがあります。,,
秋,知識,気象衛星の「水蒸気画像」は何を見るためのものに近いでしょう？,地面の色,雲の下の地形,上空の水蒸気の分布や流れ,海の温泉の位置,C,台風や寒気の動きなど、大気の流れを把握するのに役立ちます。,,
秋,知識,気象庁の「高層天気図」は、主に何m付近の気圧配置や風を見ているでしょう？（代表例）,地上0m,"約1,500mや約5,500m付近",地球の外,海底,B,上空の風や気温の状態を把握し、気圧配置の変化や寒気の強さを読むのに使います。,,
秋,防災,秋の強風注意報が出たとき、特に気をつけたい生活シーンとして適切なのは？,室内の電気の使い方,洗濯物やベランダの物が飛ばされないか、外出時の帽子や傘の扱い,パソコンの設定,エレベーターのボタン,B,強風で物が飛ばされると危険なので、固定や取り込みが大切です。,,
秋,知識,気象庁の「天気予報用語」で、秋に出やすい「晴れのち曇り」は、どんな一日の変化でしょう？,朝〜昼は晴れ、次第に雲が多くなる傾向,一日中曇り,一日中雨,朝だけ雷,A,前後どちらの天気が先か、用語で読み取ることができます。,,
秋,生活,気象庁が発表する「季節予報（3か月予報など）」を秋に見るメリットとして近いのは？,正確な日付ごとの天気がわかる,おおまかな気温・降水量の傾向を知り、暖房準備や衣替えの計画に役立てられる,地震の日時がわかる,台風の本数が1本単位でわかる,B,あくまで「傾向」を見る情報です。,,
秋,防災,気象庁の「土砂災害警戒情報」は、どのようなときに特に重要でしょう？,乾燥しているとき,大雨が続き、山や斜面が多い地域での災害リスクが高まっているとき,真冬の豪雪のときだけ,地震のとき,B,避難判断の重要な材料となる情報です。,,
秋,防災,気象庁の「洪水警報」が出たとき、特に注意すべき場所として正しいのは？,山頂の岩場,川沿いの低地・堤防付近・地下空間,高層ビルの屋上,乾いた砂漠,B,川の増水・氾濫のおそれがあり、早めの避難検討が必要です。,,
秋,知識,気象庁の「風向・風速」の表示で、北風（N）と表示されているときは、風はどの方向から吹いているでしょう？,北から南へ,南から北へ,東から西へ,西から東へ,A,風向は「どの方向から吹いてくるか」で表します。,,
秋,防災,秋の日本列島付近で「偏西風」が強まると、台風はどのような動きになりやすいでしょう？（ざっくり）,南へゆっくり進む,東〜北東方向へカーブしながら加速して進む,その場で停滞する,西へだけ進む,B,偏西風に乗って進路を大きく曲げ、日本付近を通過・接近することが増えます。,,
秋,生活,気象庁の天気予報で「平年よりかなり高い」といった表現が出るとき、秋の体感として近いのは？,まるで真夏のような暑さの日が多くなる可能性,真冬並みの寒さ,ずっと雨,ずっと雪,A,秋なのに半袖でも暑い日が多くなるなど、季節感が遅れるイメージです。,,
秋,知識,気象庁の「天気分布予報（メッシュ予報）」では何がわかりやすくなっているでしょう？,非常に細かい地域ごとの天気や気温の分布,国ごとの人口,地震の震源地,火山の名前,A,細かい格子状（メッシュ）で予報され、地域ごとの差を視覚的に確認できます。,,
秋,生活,気象庁が出す「気象情報」で、『強い寒気が南下し、秋から冬への季節の進みが加速する見込み』といった文が出たとき、生活面で意識したいのは？,扇風機の準備,コート・暖房器具の準備や体調管理,海水浴セットの用意,かき氷機の準備,B,急な冷え込みに備える合図としてとらえると便利です。,,
秋,知識,気象庁の天気予報で「北日本」「東日本」「西日本」という区分がありますが、これを見るメリットとして正しいのは？,どの地方がどの国に属するかわかる,広い範囲の気温・降水傾向をざっくり掴める,市区町村名がわかる,海岸線の長さがわかる,B,自分の住んでいる地域が、全国の中でどんな傾向にあるかを知る手がかりになります。,,
秋,防災,秋に発表される「乾燥注意報」を見るとき、特に意識したいのはどれでしょう？,日焼け対策だけ,火の取り扱い（ストーブ・たき火・タバコなど）,雪かき,海水浴の時間,B,空気が乾燥すると火災が起こりやすく、広がりやすくなるため注意が必要です。,,
秋,生活,気象庁の各種情報を使って、「秋の1日のおおまかな過ごし方」を計画するとき、最も賢い使い方に近いのは？,きょうの天気予報だけ見て、あとは運任せ,週間予報で日程を決め、直前にレーダー・ナウキャストや注意報・警報を再確認する,台風情報だけ見て判断する,運勢占いだけを見る,B,長期の傾向と直前の詳しい情報を組み合わせることで、秋の天候の変わりやすさに上手に対応できます。,,
春,知識,気象庁が定義する「春」の期間はいつからいつまでですか。,1月から3月,2月から4月,3月から5月,4月から6月,C,気象庁では3月・4月・5月を「春」としています。,,
春,知識,春先は高気圧と低気圧が交互に日本を通るため、天気が数日の周期で変わります。この特徴を示す言葉はどれですか。,三寒四温,西高東低,南高北低,異常気象,A,春の移ろいで、寒い日と暖かい日が繰り返される特徴があります。,,
春,知識,春に大陸の砂漠などの砂が風に乗って日本まで飛んでくる現象は何ですか。,火山灰,黄砂,花粉,ＰＭ2.5,B,空が黄色く霞み、車や洗濯物が汚れる原因になります。,,
春,知識,立春から春分の間に、その年初めて南から吹く強い風を何といいますか。,木枯らし1号,やませ,春一番,偏西風,C,春の到来を告げる南風です。吹いた後は寒くなることが多いです。,,
春,知識,暖かい空気と冷たい空気がぶつかり合ってできる「前線」を表す記号で、青い三角形が並んでいるものはどれですか。,温暖前線,寒冷前線,停滞前線,閉塞前線,B,寒冷前線です。通過時に急な雨や雷をもたらすことがあり、春雷の原因になります。,,
春,知識,3月下旬から4月にかけて、菜の花が咲く頃に降る長雨を何といいますか。,五月雨,菜種梅雨,秋雨,時雨,B,菜の花の季節の雨なので菜種梅雨と呼びます。,,
春,知識,「桜が開花しました」と言うときの基準となる木は何ですか。,街で一番早く咲いた木,標本木,神社の御神木,テレビ局の前にある木,B,各地の気象台が定めた特定の「標本木」を観測して発表します。,,
春,知識,桜の標本木で、花が何輪咲いたら「開花」と発表されますか。,1輪,5〜6輪,半分,7割,B,5〜6輪の花が開いた状態を開花とします。,,
春,知識,春の季語で、遠くの景色がゆらゆらと揺れて見える現象は何ですか。,蜃気楼,陽炎（かげろう）,逃げ水,霧,B,地面が温められ、上昇気流によって光が屈折する現象です。,,
春,知識,桜の標本木がどの状態になったら「満開」と発表されますか。,約80％以上が咲いた状態,約60％以上が咲いた状態,約40％以上が咲いた状態,10輪以上咲いた状態,A,80％以上が咲いた状態となった最初の日を満開とします。,,
春,知識,主に気象庁の観測の対象になっている桜の品種は何ですか。,エゾヤマザクラ,ソメイヨシノ,ヒカンザクラ,カワヅザクラ,B,ソメイヨシノです。,,
春,知識,春に日本海側でフェーン現象が起きると、気温はどうなりますか。,急激に下がる,急激に上がる,変わらない,0度になる,B,山を越えて吹き降りる風により、気温が高く乾燥した状態になります。,,
春,知識,梅雨に先立って現れるぐずついた天気を何と言いますか。,陽性の梅雨,梅雨の先入り,梅雨の中休み,梅雨のはしり,D,梅雨に先立って現れるぐずついた天気を梅雨のはしりといいます。,,
春,知識,春分の日（3月20日頃）の特徴として正しいものはどれですか。,一年で一番昼が長い,一年で一番夜が長い,昼と夜の長さがほぼ同じ,太陽が昇らない,C,太陽が真東から昇り真西に沈むため、昼夜がほぼ等しくなります。,,
春,知識,5月の連休明け頃に、南の海上から発生し始める熱帯の嵐を何といいますか。（春にはまだ少ない）,木枯らし,台風,モンスーン,竜巻,B,台風の発生は春から始まりますが、日本接近は夏〜秋が多いです。,,
春,知識,春のポカポカ陽気をもたらす、西から東へ移動してくる高気圧を何といいますか？,太平洋高気圧,オホーツク海高気圧,移動性高気圧,シベリア高気圧,C,移動性高気圧に覆われると、穏やかな晴天になります。,,
春,知識,春の空にかかる、ぼんやりとした白いベールのような雲を何といいますか。,入道雲（積乱雲）,うろこ雲,おぼろ雲（高層雲など）,飛行機雲,C,春の夜の月を隠す「おぼろ月夜」などの原因となる雲です。,,
春,知識,「寒の戻り」とはどういう現象ですか。,冬に戻って二度と春が来ないこと,暖かくなった後に、一時的に寒さがぶり返すこと,夏が急に来ること,一年中寒いこと,B,春になっても寒気が流れ込み、一時的に冬のような寒さになることです。,,
春,知識,「最低気温」が0度未満の日を何といいますか。,真夏日,冬日,真冬日,夏日,B,春先でも朝晩は冷え込み、冬日になることがあります。,,
春,知識,春の天気予報でよく聞く「移動性高気圧」。天気はどうなりますか。,晴れる,大雨になる,雹が降る,竜巻が起きる,A,移動性高気圧に覆われると、穏やかな晴天になります。,,
春,知識,「薫風」とは、いつ頃の風を表す言葉ですか。,初春（3月）,初夏（5月頃）,真夏（8月）,晩秋（11月）,B,新緑の香りを運んでくるような、5月頃の爽やかな風です。,,
春,知識,"春の薄雲がかかった時などに見られる、太陽や月の周りにできる光の輪のことを何といいますか？",虹,オーロラ,彩雲,ハロ,D,上空の高い所にある氷の粒でできた雲によって光が屈折して起こります。天気が下り坂（雨の前兆）のサインとも言われます。,,
春,知識,春に雪解け水が一気に川に流れ込み、川が増水することを何といいますか？,鉄砲水,高潮,用水,雪代,D,雪解け水のこと、またはそれによる増水を指す言葉で、春の季語でもあります。濁流となることが多く、危険です。,,
春,知識,気象庁の天気予報で「明日、朝の冷え込みが強い」と言う場合、主に何時の気温が低いことを指しますか。,3時,日の出前後,9時,日の出から3時間後,B,1日の最低気温は通常、日の出直前に観測されます。,,
春,知識,春の空気が乾燥している状態を表す湿度は、およそ何％以下になると注意が必要ですか。,80%,70%,60%,50%以下,D,地域によりますが、最小湿度が25〜40%などを下回ると乾燥注意報が出ます。,,
春,知識,天気予報で「所により雨」という表現。これは対象地域の何％未満で雨が降るという意味ですか。,10%,50%,80%,90%,B,「所により」は対象地域の50%未満の範囲で現象が起きることを指します。,,
春,知識,等圧線の間隔が「狭い」とき、風はどうなりますか。,弱くなる,強くなる,無風になる,向きが逆になる,B,等圧線の間隔が狭いほど、気圧の差が大きく風が強くなります。春一番の時などに見られます。,,
春,知識,「花曇り」とはどのような天気ですか。,桜が満開の快晴,桜の咲く頃の、薄く雲がかかった空,桜が散る頃の、薄く雲がかかった空,桜が咲く前の、薄く雲がかかった空,B,春特有の、空が明るいが薄い雲がかかっている状態です。,,
春,知識,春に発生しやすい「霧」。視界（見える距離）が何km未満になると霧と呼びますか。,1km未満,5km未満,10km未満,1m未満,A,1km以上見通せる場合は「靄（もや）」と呼びます。,,
春,知識,「五月晴れ」の現代での一般的な使い方はどれですか。,5月のすがすがしい晴天,梅雨の間の晴れ間,4月～6月の晴天,1と2の両方で使われる,D,本来は「梅雨の晴れ間（旧暦5月）」ですが、現代では「新暦5月の晴天」としても正しく使われています。,,
春,防災,春先、気温が上がって積雪が一気に溶けることで発生する災害はどれですか。,土砂崩れ,なだれ,干ばつ,高潮,B,地面と雪の接地面が溶けて雪崩れたり、川が増水したりします。,,
春,防災,春に強風が吹き、空気が乾燥している時に最も警戒すべき災害はどれですか。,洪水,落雷,山火事（林野火災）,床下浸水,C,春は枯れ草が多く風が強いため、小さな火が大規模な山火事になりやすい時期です。,,
春,防災,春の農作物（お茶や果樹）にとって大敵となる「遅霜」。これを警戒して発表される注意報はどれですか。,大雨注意報,霜注意報,低温注意報,乾燥注意報,B,農作物の凍結被害を防ぐため、霜注意報が発表されます。,,
春,防災,春の登山やハイキング。「地上は暖かいから」と薄着で山へ行くと、天候急変で何になる危険がありますか。,熱中症,低体温症（疲労凍死）,高山病,潜水病,B,春の山は冬の環境に近いです。風雨に打たれると低体温症のリスクが急激に高まります。,,
春,防災,春先の気温上昇や雨によって、積雪の層全体が地面から滑り落ちる危険な雪崩（なだれ）を何といいますか？,表層なだれ,全層なだれ,春先なだれ,雪解けなだれ,B,地面と雪の間の結合が解けて起きる雪崩で、春先に多く発生します。,,
春,防災,雷注意報が出ている時、屋外のイベントで避けるべき行動はどれですか。,建物の中に避難する,車の中に避難する,高い木の下に雨宿りする,安全な場所にしゃがみこむ,C,高い木の下は「側撃雷」を受ける危険があり、大変危険です。,,
春,防災,寒冷前線が通過する際、積乱雲から氷の粒が降ってくることがあります。農作物や車を傷つけるこの現象は何ですか。,霧,雹（ひょう）,露（つゆ）,霜（しも）,B,直径5mm以上の氷の粒を雹（ひょう）と呼び、春〜初夏の雷雨に伴いやすいです。,,
春,防災,春の強風には注意が必要です。イベント実施時に固定などの注意が必要なものはどれですか。,テント,立て看板,ビニールシート,1〜3すべて,D,春の突風は突然発生します。テントや看板の固定は必須です。,,
春,防災,「乾燥注意報」が出ている時、火の取り扱い以外に気をつけるべきことは何ですか。,喉のケア,強風,運動不足,睡眠不足,A,空気が乾燥するとウイルスが飛散しやすくなり、喉を痛めやすくなります。,,
春,防災,ゴールデンウィーク頃、海や川でのレジャーで注意が必要なのはどれですか。,穏やか晴天,風が強い,乾燥している,霧が出ている,B,風が強いと波が高くなり、水難事故のリスクが高まります。,,
春,防災,急な大雨で道路が冠水した際、歩行者が取るべき行動として危険なのはどれですか。,マンホールや側溝に近づかない,地下街や地下室から出る,冠水した道路を歩いて避難する,高い建物に避難する,C,足元が見えず、蓋の外れたマンホールなどに転落する恐れがあり危険です。,,
春,防災,「竜巻注意情報」が発表された時、空に見られる前兆現象として正しいものはどれですか。,空が真っ暗になる,空気が乾燥する,暖かい風が吹き出す,気温が上がる,A,発達した積乱雲が近づくサインはすべて竜巻の前兆となり得ます。,,
春,防災,5月頃、発達した低気圧によって台風並みの暴風雨となる現象を何といいますか？,トロピカルストーム,台風1号,サイクロン,メイストーム,D,春は低気圧が急速に発達して、「メイストーム」と呼ばれる台風並みの強風・暴風や猛吹雪が発生しやすい季節でもあります。,,
春,防災,雪解けの時期、川の近くで遊ぶ際に注意すべきことは何ですか。,魚がいないこと,水量が増えていること,水の温度が高いこと,蚊が多いこと,B,融雪水は非常に冷たく、流れも速くなっているため、落ちると命に関わります。,,
春,防災,春の紫外線について、健康被害防止の観点から正しい認識はどれですか。,夏まで対策は不要,5月には真夏並みの強さになることがある,曇りの日はゼロになる,帽子をかぶれば100%防げる,B,4〜5月にかけて紫外線量は急増します。早めの対策が必要です。,,
春,防災,「濃霧注意報」が出ている時、車の運転で気をつけるべきことは何ですか。,スピードを出して早く通り抜ける,ヘッドライト（ロービーム）やフォグランプを点灯し、速度を落とす,前の車にぴったりくっつく,ハイビームにし続ける,B,自分の存在を知らせ、視界を確保するためにライトを点灯し、減速します。ハイビームは乱反射して見えにくくなることがあります。,,
春,防災,春の「なだれ注意報」が出ている時、スキー場以外で注意すべき場所はどこですか。,海岸,平野の真ん中,山間部の道路や急斜面の下,ビルの屋上,C,道路へのなだれ込みによる通行止めや事故に注意が必要です。,,
春,防災,屋外で雷鳴が聞こえ始めた時、鉄筋コンクリートの建物がない場合、比較的安全な避難場所はどこですか。,テントの中,ゴルフ場,自動車の中,大きな木の下,C,車の中は、雷が落ちても電気がボディを通って地面に逃げるため、比較的安全です（金属部分には触れない）。,,
春,防災,警報級の「大雨」が予想される際、気象庁が数日前から発表する情報はどれですか。,早期注意情報（警報級の可能性）,顕著な大雨に関する気象情報,大雨注意報,大雨事前情報,A,災害への心構えを高めるため、可能性を「高」「中」などで発表します。,,
春,防災,春の移動性高気圧に覆われた夜、放射冷却で気温が下がり、路面が凍結する恐れがあります。特に凍りやすい場所はどこですか。,トンネルの中,橋の上,日当たりの良い直線道路,砂利道,B,橋の上は地面の熱が伝わらず、風通しが良いため、他の場所より早く凍結します。,,
春,防災,大雨や洪水に関して、市町村から発令される避難情報。「警戒レベル4」は何を意味しますか。,避難の準備をする,避難所へ行くかどうか考える,全員避難（危険な場所から避難する）,災害が発生したことを確認する,C,レベル4は「避難指示」です。対象地域の方は全員、速やかに危険な場所から避難する必要があります。,,
春,防災,春の強風時、屋外を歩く際に最も注意すべき落下物はどれですか。,帽子,看板,雷,花粉,B,春一番などの強風時は、看板、瓦、ベランダの植木鉢などが飛んでくる危険があります。,,
春,防災,「注意報」と「警報」、より災害の危険度が高く、重大な災害が起こる恐れがあるのはどちらですか。,注意報,警報,どちらも同じ,季節による,B,「警報」は重大な災害が起こる恐れがある場合に発表されます。さらに上が「特別警報」です。,,
春,防災,春に山菜採りなどで山に入る際、気象遭難を防ぐために必ず持参すべきものはどれですか。,天気図,防寒着,調理器具,温度計,B,山の天気は変わりやすく、春でも急に冷え込むため、雨具と防寒着は必須です。,,
春,防災,川の水位が上昇し、堤防を越えて水があふれ出すことを何といいますか。,氾濫,満潮,湧き水,干潮,A,川の水があふれることを氾濫（洪水）といいます。,,
春,防災,春の乾燥した時期、注意する災害はどれですか。,土石流,林野火災（山火事）,高潮,液状化,B,春は枯れ草が多く空気も乾燥しているため、小さな火種が大火災につながります。,,
春,防災,地震が起きた後、雨が降ると発生しやすくなる二次災害はどれですか。,津波,火災,土砂災害,噴火,C,地震で地盤が緩んでいるところに雨が降ると、少ない雨量でも土砂崩れが起きやすくなります。,,
春,防災,「特別警報」が発表された時、とるべき行動はどれですか。,必ず避難所に行く,命を守るための最善の行動をとる,気を付けて会社や学校へ行く,被害状況を見に行く,B,すでに災害が発生している可能性が高い非常事態です。直ちに命を守る行動が必要です。,,
春,防災,集中豪雨などで、道路のマンホールから水が噴き出しているのを見かけました。どうすべきですか。,近づいて中をのぞく,警察連絡用に写真を撮るために近づく,水を止めるために蓋をする,近づかず、迂回する,D,蓋が外れている可能性があり、吸い込まれる危険があるため、絶対に近づいてはいけません。,,
春,防災,避難所へ移動する際、どれが安全とされていますか。,長靴,運動靴,革靴,サンダル,B,長靴は水が入ると重くなって歩けなくなります。底が厚く、脱げにくい運動靴が推奨されます。,,
春,生活,春は「日較差（にちかくさ）」が大きい季節です。これはどういう意味ですか。,日本と海外の時差が大きい,1日の中での、最高気温と最低気温の差が大きい,晴れの日と雨の日の気温差が大きい,去年と今年の気温差が大きい,B,朝は冬のように寒く、昼はポカポカ陽気になるなど、1日の寒暖差が激しいことです。,,
春,生活,上記のような春の気温差に対応するための服装として、適しているのはどれですか。,厚手のダウンジャケットを着る,半袖で過ごす,重ね着で脱ぎ着しやすい服装にする,カッパを持ち歩く,C,カーディガンやパーカーなど、こまめに調整できる服装が体調管理に有効です。,,
春,生活,花粉症の人が、洗濯物を外に干すのに最も「適さない」日はどんな日ですか。,風の強い雨の日,風が強い晴れた日,風のない曇りの日,夜,B,晴れて風が強い日は、花粉が大量に飛散し、洗濯物に付着しやすくなります。,,
春,生活,春の紫外線対策として、日焼け止め以外に有効なグッズはどれですか。,マフラー,手袋,日傘,長靴,C,帽子や日傘で物理的に直射日光を遮ることが有効です。,,
春,生活,5月の連休中、車で遠出をする際、注意が必要な車内の環境変化はどれですか。,車内が氷点下になって、凍傷になる,車内の温度が急上昇し、熱中症になる,車内の空気が乾燥する,車内の酸素がなくなる,B,5月の外気温が25度程度でも、締め切った車内は短時間で50度近くになることがあり危険です。,,
春,生活,「気象病（天気痛）」と呼ばれる、天気が崩れる前に頭痛などが起きる症状。主な原因とされる気象要素はどれですか。,気圧の変化,雨の音,風の音,月の満ち欠け,A,低気圧の接近などによる気圧の低下が、内耳（耳の奥）に影響し不調をきたすと言われています。,,
春,生活,春の服装選びで気をつけたい、1日の中での「気温差」が大きいことを表す気象用語はどれですか？,フェーン現象,エルニーニョ現象,高温注意報,日較差,D,1日の中での、最高気温と最低気温の差が大きいことです。,,
春,生活,春先に静電気が起きやすいのは、空気がどうなっているからですか。,湿っているから,乾燥しているから,汚れているから,温かいから,B,湿度が低い（乾燥している）と静電気が自然放電されず、体にたまりやすくなります。,,
春,生活,春、黄砂が飛んできた後に雨が降りました。車のお手入れとして正しいのはどれですか。,そのまま放置する,天日干しする,早めに水で洗い流す,ワックスを上塗りする,C,黄砂を含んだ雨を放置するとシミになります。また、いきなりこすると砂で傷がつくため、まず水で流します。,,
春,生活,春の洗濯時に注意が必要なのはどれですか。,黄砂,乾燥,日差し,霜,A,黄砂の他に花粉や強風にも注意が必要です。,,
春,生活,春に黄砂が飛来すると、どのような影響が出ることがありますか。,航空機の遅れ,線路の凍結,車の渋滞,信号機の故障,A,濃度が高いと視程（見通し）が悪くなり、飛行機の離着陸に影響します。,,
春,生活,春のハイキング、お弁当が腐らないように気をつけることとして、正しいのはどれですか。,直射日光の当たる暖かい場所に置く,保冷剤を使用し、涼しい場所に保管する,車のダッシュボードに置く,温かいスープと一緒に密閉する,B,春の日中は気温が上がり、細菌が繁殖しやすくなるため、保冷対策が必要です。,,
春,生活,ガーデニングで、春先に「寒の戻り」の予報が出た際、苗を守るためにすることは何ですか。,水を大量にやる,肥料を大量にやる,室内に入れるか、覆い（カバー）をする,扇風機を当てる,C,遅霜や低温で苗が枯れないよう、保温対策を行います。,,
春,生活,"本来は「梅雨の合間の晴れ間」を指す言葉でしたが、現在では「5月のすがすがしい晴天」という意味でも使われる言葉はどれですか？",五月晴れ,小春日和,日本晴れ,初夏晴れ,A,本来は旧暦の５月（さつき）からきたことばで、梅雨の合間の晴れのことを指していた。,,
春,生活,春の強い南風が吹く日、自転車に乗る際に気をつけることは何ですか。,追い風だとスピードが出すぎる,横風で転倒する恐れがある,向かい風で進みにくい,1〜3すべて,D,風の影響を直接受ける自転車は、転倒や事故のリスクが高まります。,,
春,生活,ゴールデンウィークに潮干狩りに行く計画を立てています。天気以外に確認すべき重要な情報はどれですか。,干潮（潮が引く）の時刻,日の出の時刻,日没の時刻,1〜3すべて,A,潮が引いている時間帯でないと、貝を採ることができません。,,
春,生活,春先、室内で暖房を使わなくなっても、窓に「結露」ができることがあります。対策として有効なのは？,加湿器を最大にする,換気をして湿気を逃がす,窓を閉め切る,鍋料理をする,B,外気との温度差がある場合、室内の湿気が窓で冷やされて結露します。換気が有効です。,,
春,生活,春を告げる鳥「ウグイス」。春になって初めて聞くその鳴き声を何と呼びますか？,初鳴き,初耳,初声,初音,D,その季節に初めて聞こえる鳥や虫の声を指しますが、特にウグイスの声を指すことが多いです。,,
春,生活,桜の花びらが風に舞い散る様子を、何といいますか？,桜風,花筏,桜雨,桜吹雪,D,満開を過ぎた桜が風で一斉に散る様子です。,,
春,生活,「春一番」が吹いた後、気をつけるべき変化はどれですか。,気温が急に下がる,気温が上がり続ける,雨が1週間続く,台風が発生する,A,低気圧通過後は西高東低の気圧配置に戻り、寒気が入ってきます。,,
春,文化,ことわざ「春眠〇〇を覚えず」。春は心地よくて朝寝坊してしまうという意味です。〇〇に入るのは？,夢,暁（あかつき）,夜,昼,B,「春眠暁を覚えず」は漢詩の一部で、春の夜明けに気づかないほど熟睡してしまうことです。,,
春,文化,ことわざ「三寒四温」。本来は冬の言葉ですが、日本では春先によく使われます。どういう意味ですか。,3回水風呂に入って、4回温泉に入る,3日寒い日が続くと、4日暖かい日が続く,3度寒くなると4度下がる,3月から4月は温度が変わらない,B,寒暖を繰り返しながら春に向かう様子を表します。,,
春,文化,サクラの花が咲く頃に降る雨を、ある液体に例えて「〇〇の雨」と言うことがあります。〇〇に入る言葉は？,天使,催花,涙,泥,B,「催花雨（さいかう）」と言います。花の開花を促す雨という意味です。,,
春,文化,春の野原で見かける「つくし」。漢字で書くとどれですか。,土筆,春筆,竹子,春草,A,土からニョキッと筆のように出ていることから「土筆」と書きます。,,
春,文化,春の七草ではありませんが、春の和菓子（草餅）に使われる、香りのよい植物はどれですか。,ヨモギ,バジル,パセリ,シソ,A,春に新芽が出るヨモギを使います。,,
春,文化,「啓蟄」の頃、冬眠から目覚めるとされる生き物の代表は？,クマ,カエル,ヘビ,1〜3すべて,E,啓蟄は「虫や生き物が土から出てくる」という意味です。カエルが鳴き始めるのもこの頃です。,,
春,文化,春の夜空、北の高い空に見えるひしゃく型の星の並びを何といいますか。,オリオン座,北斗七星,カシオペア座,夏の大三角,B,おおぐま座の一部である北斗七星は、春の夜空で見つけやすい星の並びです。,,
春,文化,春に行われる、お釈迦様の誕生日を祝う「花まつり」はいつですか。,3月3日,4月8日,5月5日,7月7日,B,4月8日です。甘茶をかけてお祝いします。,,
春,文化,「目に青葉 山ホトトギス 〇〇〇〇」。初夏の訪れを詠んだ有名な俳句、〇〇〇〇に入る食べ物は？,初ガツオ,初マグロ,初サンマ,初ミカン,A,江戸時代の俳人・山口素堂の句。「初鰹」は春〜初夏の美味しい食材です。,,
春,文化,春の季語でもある「朧月（おぼろづき）」。どのような月のことですか。,くっきりと明るい満月,ぼんやりと霞んで見える月,赤い月,半月,B,春の夜の湿潤な空気によって、柔らかくほのかに見える月のことです。,,
春,文化,5月5日の「端午の節句」に入るお風呂は、何を入れたお風呂ですか。,ゆず湯,しょうぶ湯,ミカン湯,バラ風呂,B,尚武（しょうぶ）に通じるとして、菖蒲湯（しょうぶゆ）に入り無病息災を願います。冬至はゆず湯です。,,
春,文化,「風薫る」という言葉。どの季節に使われますか。,初春（2月）,初夏（5月）,真夏（8月）,晩秋（11月）,B,新緑の上を吹き渡ってくる爽やかな風を表す、5月の言葉です。,,
春,文化,春に旬を迎える果物で、かつては初夏の果物でしたが、現在はハウス栽培などで冬〜春の定番となっている赤い果物は？,リンゴ,ミカン,イチゴ,スイカ,C,本来の旬（露地栽培）は春から初夏ですが、現在は1月〜4月頃に多く出回ります。,,
春,文化,春の野草で、葉っぱをちぎると白い乳液が出るものは？（茎を笛にして遊ぶこともあります）,チューリップ,タンポポ,アサガオ,ヒマワリ,B,タンポポの茎や葉を折ると白い液が出ます。草笛遊びも有名です。,,
春,文化,小春日和は暖かく穏やかな晴天のことです。いつ頃のこと言いますか。,晩冬から初春,晩春から初夏,晩夏から初秋,晩秋から初冬,D,小春日和は晩秋から初冬にかけての暖かく穏やかな晴天です。,,
春,文化,二十四節気において「春の始まり」とされる日はどれですか。,立春,春分,啓蟄,雨水,A,立春（2月4日頃）が暦上の春のスタートです。,,
春,文化,春先、土の中で冬眠していた虫たちが穴から出てくる頃を指す言葉はどれですか。,立春,雨水,啓蟄,清明,C,3月上旬頃の節気です。,,
春,文化,春の夕暮れ時、日が暮れても薄明るい時間が長く続く様子を何といいますか。,春の日はつるべ落とし,春の日永（ひなが）,白夜,春の夜,B,春分を過ぎると昼が長くなり、夕方もなかなか暗くならない様子を指します。,,
春,文化,唱歌『春の小川』に出てくる生き物はどれですか。「エビや〇〇〇やコブナの群れに…」,メダカ,金魚,クジラ,マグロ,A,春の小川で遊ぶメダカなどの様子が歌われています。,,
春,文化,「八十八夜」とは、いつから数えて88日目のことですか。,正月（1月1日）,立春（2月4日頃）,春分（3月20日頃）,桜が咲いた日,B,春の始まりである立春から数えます。5月初旬にあたります。,,
天文,知識,太陽の表面の温度はおよそ何度？　,１０００℃,３０００℃,４０００℃,６０００℃,D,５８００ケルビンとも言われます。,,
天文,知識,太陽からの光はどのくらいの時間で地球まで届く？,１秒,５秒,１分,８分,D,距離は１億５千万キロ、光は秒速３０万キロです。,,
天文,知識,太陽は何で出来ているの？,水素とヘリウム,酸素と二酸化炭素,炭素と水蒸気,水素と窒素,A,核融合反応を起こして燃えています。,,
天文,知識,次の太陽系の惑星で一番暑いのはどれ？,水星,金星,木星,地球,B,７００℃以上あります。,,
天文,知識,運動会での「大玉転がし」（直径１．４ｍ）を太陽の大きさとすると、地球はどのくらいの大きさ？,サッカーのボール,野球のボール,ビー玉,米粒,C,太陽直径は１４０万キロ、地球は１２８００キロです。,,
天文,知識,地球大気の主成分として、体積で最も多いのはどれか？,酸素,アルゴン,窒素,二酸化炭素,C,酸素よりも多く、７８％あります。,,
天文,知識,気象衛星「ひまわり」は、どの軌道の種類の衛星か？,極軌道衛星,静止衛星,太陽同期軌道衛星,低軌道衛星,B,２４時間で地球を一周する軌道なので、地上からは止まっているように見えます。,,
天文,知識,太陽系で最も多くの衛星を持つ惑星はどれか？,金星,火星,木星,土星,D,２７０個以上あると言われています。,,
天文,知識,赤道を一周すると、フルマラソンの約何倍の距離？,５０倍,１００倍,１０００倍,５０００倍,C,赤道一周は約４００００キロあります。,,
天文,知識,地球上の運動物体が曲がる見かけ上の力を何というか？,向心力,遠心力,気圧傾度力,コリオリ力,D,北半球では運動方向の直角右側、南半球では直角左側に働きます。,,
天文,知識,大気圧が約 1 hPaになる高さ（高度）は、おおよそ何 kmか？,10km,20km,50km,100km,C,地上で１０００ｈＰａ、２５ｋｍで２５ｈＰａです。,,
天文,知識,彗星の尾が、太陽の反対方向に伸びるのは、何の影響によるものか？,太陽風と放射圧,彗星の公転,地球の引力,彗星の自転,A,太陽光線やプラズマ流の影響で反対側に尾が伸びます。,,
天文,知識,太陽黒点の数は、平均して約何年周期で増減を繰り返しているか？,５年,７年,１１年,１５年,C,観測の結果、１１年周期であることがわかっています。,,
天文,知識,地球の自転軸が公転面に対して傾いていることで生じる最大の現象はどれか？,潮の干満,昼夜の交代,月の満ち欠け,季節の変化,D,太陽光線の角度が変化し、季節が変わります。,,
天文,知識,「赤い惑星」という別名で呼ばれる太陽系の惑星は何でしょう？,火星,金星,木星,天王星,A,赤く輝くのが観測できます。,,
天文,知識,太陽系で、地球の一つ内側（太陽に近い側）を回っている惑星は何でしょう？,木星,金星,火星,水星,B,内側から水星、金星、地球の順です。,,
天文,知識,太陽系で、地球の一つ外側（太陽から遠い側）を回っている惑星は何でしょう？,土星,火星,木星,水星,B,地球の外側は火星、木星、土星の順です。,,
天文,知識,夜空の星が、まるで地球の周りを回っているように見えるのは、地球のどんな動きが原因？,月の自転,月の公転,地球の自転,地球の公転,C,地球が２４時間で一回りするので、星が動いているように見えます。,,
天文,知識,太陽系の惑星の中で、地球の大きさに最も近い惑星は何でしょう？,水星,火星,土星,金星,D,地球の半径が６４００キロ、金星が６０００キロくらいです。,,
天文,知識,流星群で見られる、夜空を横切る光の筋（すじ）は何が地球の大気で燃えているものでしょう？,小さな惑星,恒星の破片,小さなチリ,月の岩石,C,小さなチリが大気との摩擦で燃えています。,,
天文,知識,太陽の表面に見られる、周りよりも温度が低く黒っぽく見える部分を何と呼ぶでしょう？,フレア,プロミネンス,黒点,コロナ,C,周辺が温度が高いので、相対的に温度が低いことになり黒く見えます。,,
天文,知識,太陽系で、地球以外に火山があることが知られている惑星は何でしょう？,火星,木星,天王星,海王星,A,オリンポス火山をはじめ、多くの火山があります。,,
天文,知識,海は地球の表面のおよそ何割を占めているでしょうか？,４割,５割,６割,７割,D,地球全体の表面積が５億１千万平方キロ、そのうち海が３億６千万平方キロです。,,
天文,知識,月の表面にたくさんある、丸いくぼみは何でしょう？,山,海,湖,クレーター,D,隕石などが月面に衝突してできたくぼみです。,,
天文,知識,太陽系で、表面に大量の二酸化炭素があり、温室効果で非常に高温になっている惑星は何でしょう？,火星,水星,金星,地球,C,大量の二酸化炭素のせいで、７００℃以上あります。,,
天文,知識,地上付近で大気１立方メートルの質量は何ｋｇぐらいでしょう？,１，２ｋｇ,２，５ｋｇ,３，５ｋｇ,４，３ｋｇ,Ａ,気温で多少変化しますが、地上付近では１，１ｋｇから１，３ｋｇの間です。,,